Column,Total Count,Missing Count,Missing Percentage,Unique Values,Data Type,Top 3 Values,Mean,Median,Standard Deviation,Minimum,Maximum
Fitness_Endurance-Season,3960,2652,66.97%,4,object,"{'Spring': 385, 'Winter': 338, 'Fall': 332}",,,,,
Fitness_Endurance-Max_Stage,3960,3217,81.24%,15,float64,,4.989232839838492,5.0,2.014072413197879,0.0,28.0
Fitness_Endurance-Time_Mins,3960,3220,81.31%,18,float64,,7.370270270270271,7.0,3.189662333171996,0.0,20.0
Physical_Weight_X_PCIAT_Total,3960,1388,35.05%,2064,float64,,2753.843701399689,1964.2,2900.441392549978,0.0,26593.2
FGC-Season,3960,614,15.51%,4,object,"{'Spring': 993, 'Summer': 844, 'Fall': 763}",,,,,
FGC-FGC_CU_Zone,3960,1678,42.37%,2,float64,,0.47633654688869415,0.0,0.4995491933239719,0.0,1.0
FGC-FGC_SR,3960,1693,42.75%,3,float64,,1.2390824878694309,2.0,0.9162688864973496,0.0,2.0
FGC-FGC_PU_Zone,3960,1689,42.65%,2,float64,,0.33025099075297226,0.0,0.47040696455971687,0.0,1.0
FGC-FGC_TL,3960,1636,41.31%,43,float64,,9.25277538726334,10.0,2.9888625662351305,0.0,22.0
BIA_Fat_X_Physical_Weight,3960,1988,50.20%,1972,float64,,2376.364919725913,1275.0881200000001,14970.811803002527,-615653.6320000001,46084.472
FGC-FGC_TL_Zone,3960,1675,42.30%,2,float64,,0.7855579868708972,1.0,0.410524531823459,0.0,1.0
FGC-FGC_GS,3960,2899,73.21%,5,float64,,3.7351555136663523,4.0,1.1428938358974146,2.0,6.0
fitness_score,3960,2930,73.99%,10,float64,,6.262135922330097,6.0,2.17039522963873,2.0,11.0
BIA-BIA_BMI,3960,1969,49.72%,1803,float64,,19.367047798442997,17.9665,5.0478481934383534,0.0482667,53.9243
Physical-BMI,3960,938,23.69%,2658,float64,,19.331928700896096,17.937682125000002,5.113934318260661,0.0,59.13204775
BIA_BMI_X_PCIAT_Total,3960,2147,54.22%,1594,float64,,551.8453978307226,471.7024,483.78469017786773,0.0,4103.6031
BIA-BIA_Frame_num,3960,1969,49.72%,3,float64,,1.7453540934203917,2.0,0.6806346895251477,1.0,3.0
PreInt_EduHx-computerinternet_hoursday,3960,659,16.64%,4,float64,,1.0605877006967586,1.0,1.0948754543617427,0.0,3.0
PCIAT-PCIAT_Total,3960,1224,30.91%,93,float64,,27.896198830409357,26.0,20.338852693135525,0.0,93.0
BIA_Fat_X_PCIAT_Total,3960,2147,54.22%,1598,float64,,597.7512012978489,368.8194,3363.516868525962,-113686.04,11268.438
Physical_Weight_X_BIA_BMI,3960,1988,50.20%,1807,float64,,1946.1174380160649,1418.2457,1598.87105555832,0.0,16155.720280000001
CGAS_Score_X_PCIAT_Total,3960,1618,40.86%,802,float64,,1811.570025619129,1710.0,1329.8345369923984,0.0,6640.0
BIA-BIA_Fat^1,3960,0,0.00%,1988,float64,,16.51669985138889,16.1746,141.35119058869896,-8745.08,153.82
BIA-BIA_Fat^2,3960,0,0.00%,1988,float64,,20247.914960106176,261.61768516000006,1215400.4523302566,0.006809467880249999,76476424.20639999
BIA-BIA_Fat^3,3960,0,0.00%,1988,float64,,-169157122.70294547,4231.5614103889375,10627820788.499783,-668792447798.9044,3639472.3229679996
Physical-Weight^1,3960,0,0.00%,783,float64,,86.35120707070708,77.0,39.5979244381648,0.0,315.0
Physical-Weight^2,3960,0,0.00%,783,float64,,9024.13062388889,5929.0,9649.123982625924,0.0,99225.0
sii,3960,1224,30.91%,4,float64,,0.5804093567251462,0.0,0.7711218214033451,0.0,3.0
